{"cameraMode":{"drawMode":0,"name":"Shaded","section":"Shading Mode"},"sceneLighting":true,"audioPlay":false,"sceneViewState":{"m_AlwaysRefresh":false,"showFog":true,"showSkybox":true,"showFlares":true,"showImageEffects":true,"showParticleSystems":true,"showVisualEffectGraphs":true,"m_FxEnabled":true},"in2DMode":false,"pivot":{"x":4.77681827545166,"y":-14.240001678466797,"z":-1.0108871459960938},"rotation":{"x":0.0042139822617173199,"y":-0.9939514398574829,"z":0.10173603147268295,"w":0.04117145761847496},"size":0.8660253882408142,"orthographic":false}