{"cameraMode":{"drawMode":0,"name":"Shaded","section":"Shading Mode"},"sceneLighting":false,"audioPlay":false,"sceneViewState":{"m_AlwaysRefresh":false,"showFog":true,"showSkybox":false,"showFlares":true,"showImageEffects":true,"showParticleSystems":true,"showVisualEffectGraphs":true,"m_FxEnabled":true},"in2DMode":false,"pivot":{"x":0.20793630182743073,"y":1.5674352645874024,"z":2.571505546569824},"rotation":{"x":0.005880825221538544,"y":0.9850249886512756,"z":-0.034302037209272388,"w":0.16888529062271119},"size":1.8371174335479737,"orthographic":false}